source,external_id,citation_key,record_type,title,authors,container,publisher,volume,issue,pages,published_at,year,doi,source_url,classification,rights_status,terms_url,abstract
pubmed,42301569,dhungyal2026pubmed42301569,article,Phytochemical Characterization of Tupistra nutans Inflorescence and its Cytostatic and Anti-Migratory Effect in Breast Cancer Cells.,Dhungyal B; Ramachandran B; S B; Madhusoothanan S; Srinivas P,Applied biochemistry and biotechnology,,198,10,7538-7561,2026 Oct,2026,10.1007/s12010-026-05773-z,https://pubmed.ncbi.nlm.nih.gov/42301569/,public,unknown; review source and record terms,https://www.ncbi.nlm.nih.gov/home/about/policies/,
pubmed,42780989,yano2026pubmed42780989,article,Myeloid neoplasms post cytotoxic therapy (MN-pCT) following neoadjuvant chemotherapy in a patient with BRCA1 pathogenic variant-associated triple-negative breast cancer: a case report.,Yano H; Taruno K; Arai N; You S; Takeuchi M; Sakai H; Tsurutani J; Hattori N,International cancer conference journal,,15,4,508-513,2026 Oct,2026,10.1007/s13691-026-00887-x,https://pubmed.ncbi.nlm.nih.gov/42780989/,public,unknown; review source and record terms,https://www.ncbi.nlm.nih.gov/home/about/policies/,
pubmed,42789486,chen2026pubmed42789486,article,Pure Red Cell Aplasia Following Neoadjuvant Docetaxel/Carboplatin/Trastuzumab (TCbH) in a 45‑Year‑Old Woman With Breast Cancer Successfully Treated With Cyclosporine.,Chen Y; Chen F; Luo R; Ye X,The American journal of case reports,,27,,e952933,2026 Sep 25,2026,10.12659/AJCR.952933,https://pubmed.ncbi.nlm.nih.gov/42789486/,public,unknown; review source and record terms,https://www.ncbi.nlm.nih.gov/home/about/policies/,
europe_pmc,30515261,pal2018europepmc30515261,article,MiRNAs prognostic for basal and BRCA1 breast cancer.,Pal B; Anderson RL,Oncotarget,,9,87,35717-35718,2018,2018,10.18632/oncotarget.26297,https://pubmed.ncbi.nlm.nih.gov/30515261/,public,unknown; review source and record terms,https://europepmc.org/terms,
europe_pmc,31251913,wang2019europepmc31251913,article,"Inadequate DNA Damage Repair Promotes Mammary Transdifferentiation, Leading to BRCA1 Breast Cancer.",Wang H; Xiang D; Liu B; He A; Randle HJ; Zhang KX; Dongre A; Sachs N; Clark AP; Tao L; Chen Q; Botchkarev VV; Xie Y; Dai N; Clevers H; Li Z; Livingston DM,Cell,,178,1,135-151.e19,2019,2019,10.1016/j.cell.2019.06.002,https://pubmed.ncbi.nlm.nih.gov/31251913/,public,unknown; review source and record terms,https://europepmc.org/terms,
europe_pmc,41563221,noteware2026europepmc41563221,article,Heart Transplantation and Cancer Risk in a BRCA1 Breast Cancer Survivor.,Noteware L; Keller E; Lotan D; DeFilippis EM; Hennecken C; Rahman A; Clerkin K; Lee SH; Yunis A; Lin E; Bae D; Oh KT; Colombo P; Yuzefpolskaya M; Latif F; Sayer G; Uriel N; El-Ashmawy M; Raikhelkar J,JACC Case Rep,,31,8,106608,2026,2026,10.1016/j.jaccas.2025.106608,https://pubmed.ncbi.nlm.nih.gov/41563221/,public,unknown; review source and record terms,https://europepmc.org/terms,
clinicaltrials.gov,NCT01367639,clinicaltrialsgovnct01367639,clinical_trial,Trial of Inquiry Based Stress Reduction (IBSR) Program for BRCA1/2 Mutation Carriers,,,,,,,,,,https://clinicaltrials.gov/study/NCT01367639,public,unknown; review source and record terms,https://clinicaltrials.gov/policy,
clinicaltrials.gov,NCT01898312,clinicaltrialsgovnct01898312,clinical_trial,BRCA1/2 and Effect of Mifepristone on the Breast,,,,,,,,,,https://clinicaltrials.gov/study/NCT01898312,public,unknown; review source and record terms,https://clinicaltrials.gov/policy,
clinicaltrials.gov,NCT05252390,clinicaltrialsgovnct05252390,clinical_trial,NUV-868 as Monotherapy and in Combination With Olaparib or Enzalutamide in Adult Patients With Advanced Solid Tumors,,,,,,,,,,https://clinicaltrials.gov/study/NCT05252390,public,unknown; review source and record terms,https://clinicaltrials.gov/policy,
clinvar,VCV004935318,clinvarvcv004935318,variant,NM_007294.4(BRCA1):c.3900_3904del (p.Cys1300_Glu1302delinsTer),,,,,,,,,,https://www.ncbi.nlm.nih.gov/clinvar/variation/4935318/,public,public metadata; review source terms,https://www.ncbi.nlm.nih.gov/home/about/policies/,"{""accession"": ""VCV004935318"", ""clinical_impact_classification"": {""description"": """", ""fda_recognized_database"": """", ""last_evaluated"": ""1/01/01 00:00"", ""review_status"": """", ""trait_set"": []}, ""genes"": [{""geneid"": ""672"", ""source"": ""submitted"", ""strand"": ""-"", ""symbol"": ""BRCA1""}, {""geneid"": ""126862571"", ""source"": ""submitted"", ""strand"": ""+"", ""symbol"": ""LOC126862571""}], ""germline_classification"": {""description"": ""Likely pathogenic"", ""fda_recognized_database"": """", ""last_evaluated"": ""2024/09/24 00:00"", ""review_status"": ""criteria provided, single submitter"", ""trait_set"": [{""trait_name"": ""BRCA1-related disorder"", ""trait_xrefs"": []}]}, ""oncogenicity_classification"": {""description"": """", ""fda_recognized_database"": """", ""last_evaluated"": ""1/01/01 00:00"", ""review_status"": """", ""trait_set"": []}}"
clinvar,VCV004935326,clinvarvcv004935326,variant,NM_007294.4(BRCA1):c.1665_1674del (p.Asn555fs),,,,,,,,,,https://www.ncbi.nlm.nih.gov/clinvar/variation/4935326/,public,public metadata; review source terms,https://www.ncbi.nlm.nih.gov/home/about/policies/,"{""accession"": ""VCV004935326"", ""clinical_impact_classification"": {""description"": """", ""fda_recognized_database"": """", ""last_evaluated"": ""1/01/01 00:00"", ""review_status"": """", ""trait_set"": []}, ""genes"": [{""geneid"": ""672"", ""source"": ""submitted"", ""strand"": ""-"", ""symbol"": ""BRCA1""}], ""germline_classification"": {""description"": ""Likely pathogenic"", ""fda_recognized_database"": """", ""last_evaluated"": ""2023/02/02 00:00"", ""review_status"": ""criteria provided, single submitter"", ""trait_set"": [{""trait_name"": ""BRCA1-related disorder"", ""trait_xrefs"": []}]}, ""oncogenicity_classification"": {""description"": """", ""fda_recognized_database"": """", ""last_evaluated"": ""1/01/01 00:00"", ""review_status"": """", ""trait_set"": []}}"
clinvar,VCV004935332,clinvarvcv004935332,variant,NM_007294.4(BRCA1):c.441+1G>T,,,,,,,,,,https://www.ncbi.nlm.nih.gov/clinvar/variation/4935332/,public,public metadata; review source terms,https://www.ncbi.nlm.nih.gov/home/about/policies/,"{""accession"": ""VCV004935332"", ""clinical_impact_classification"": {""description"": """", ""fda_recognized_database"": """", ""last_evaluated"": ""1/01/01 00:00"", ""review_status"": """", ""trait_set"": []}, ""genes"": [{""geneid"": ""672"", ""source"": ""submitted"", ""strand"": ""-"", ""symbol"": ""BRCA1""}], ""germline_classification"": {""description"": ""Likely pathogenic"", ""fda_recognized_database"": """", ""last_evaluated"": ""2021/06/03 00:00"", ""review_status"": ""criteria provided, single submitter"", ""trait_set"": [{""trait_name"": ""BRCA1-related disorder"", ""trait_xrefs"": []}]}, ""oncogenicity_classification"": {""description"": """", ""fda_recognized_database"": """", ""last_evaluated"": ""1/01/01 00:00"", ""review_status"": """", ""trait_set"": []}}"
nih_reporter,5F30CA281082-04,2026nihreporter5f30ca28108204,grant,Investigating the relationship between the systemic response to infection and tumor initiation and progression in Brca1 breast cancer,,,,,,,2026,2026,,https://reporter.nih.gov/project-details/5F30CA281082-04,public,unknown; review source and record terms,https://reporter.nih.gov/,
nih_reporter,5R01CA295752-02,2026nihreporter5r01ca29575202,grant,DNA damage-related stemness program during BRCA1 breast cancer initiation,,,,,,,2026,2026,,https://reporter.nih.gov/project-details/5R01CA295752-02,public,unknown; review source and record terms,https://reporter.nih.gov/,
nih_reporter,5U24CA258058-05,2026nihreporter5u24ca25805805,grant,"Curation Expert Panels for BRCA1/2 and Hereditary Breast, Ovarian and Pancreatic (HBOP) Cancer Genes",,,,,,,2026,2026,,https://reporter.nih.gov/project-details/5U24CA258058-05,public,unknown; review source and record terms,https://reporter.nih.gov/,
